timestamp,open,high,close,low,volume,price_change,p_change,ma5,ma10,ma20,v_ma5,v_ma10,v_ma20,turnover
2018-06-06 13:55:00,6.9,6.9,6.9,6.9,78.0,0.0,0.0,6.904,6.904,6.9045,139.4,111.7,148.8,0.0
2018-06-06 14:00:00,6.9,6.9,6.9,6.89,690.0,0.0,0.0,6.902,6.904,6.9035,271.0,171.2,168.25,0.02
2018-06-06 14:05:00,6.9,6.93,6.93,6.9,760.6,0.03,0.43,6.906,6.907,6.904,407.72,241.26,190.53,0.03
2018-06-06 14:10:00,6.93,6.93,6.92,6.92,84.4,-0.01,-0.14,6.91,6.909,6.9045,362.6,248.0,186.85,0.0
2018-06-06 14:15:00,6.92,6.92,6.91,6.91,55.0,-0.01,-0.14,6.912,6.909,6.905,333.6,243.92,184.8,0.0
2018-06-06 14:20:00,6.91,6.92,6.92,6.9,427.6,0.01,0.14,6.916,6.91,6.906,403.52,271.46,204.13,0.01
2018-06-06 14:25:00,6.92,6.93,6.92,6.92,483.0,0.0,0.0,6.92,6.911,6.907,362.12,316.56,217.28,0.02
2018-06-06 14:30:00,6.92,6.93,6.92,6.92,109.0,0.0,0.0,6.918,6.912,6.908,231.8,319.76,216.53,0.0
2018-06-06 14:35:00,6.92,6.93,6.91,6.91,174.4,-0.01,-0.14,6.916,6.913,6.9085,249.8,306.2,223.1,0.01
2018-06-06 14:40:00,6.91,6.92,6.91,6.91,139.0,0.0,0.0,6.916,6.914,6.909,266.6,300.1,212.85,0.0
2018-06-06 14:45:00,6.91,6.91,6.9,6.9,234.0,-0.01,-0.14,6.912,6.914,6.909,227.88,315.7,213.7,0.01
2018-06-06 14:50:00,6.9,6.92,6.91,6.9,257.0,0.01,0.14,6.91,6.915,6.9095,182.68,272.4,221.8,0.01
2018-06-06 14:55:00,6.91,6.91,6.9,6.9,738.0,-0.01,-0.14,6.906,6.912,6.9095,308.48,270.14,255.7,0.03
2018-06-06 15:00:00,6.9,6.91,6.91,6.9,348.0,0.01,0.14,6.906,6.911,6.91,343.2,296.5,272.25,0.01
2018-06-07 09:35:00,6.89,6.93,6.91,6.89,420.0,0.02,0.29,6.906,6.911,6.91,399.4,333.0,288.46,0.01
2018-06-07 09:40:00,6.91,6.92,6.89,6.89,419.0,-0.02,-0.29,6.904,6.908,6.909,436.4,332.14,301.8,0.01
2018-06-07 09:45:00,6.89,6.91,6.9,6.89,80.0,0.01,0.15,6.902,6.906,6.9085,401.0,291.84,304.2,0.0
2018-06-07 09:50:00,6.9,6.93,6.92,6.9,1392.39,0.02,0.29,6.906,6.906,6.909,531.88,420.18,369.97,0.05
2018-06-07 09:55:00,6.92,6.95,6.95,6.91,781.0,0.03,0.43,6.914,6.91,6.9115,618.48,480.84,393.52,0.03
2018-06-07 10:00:00,6.95,6.95,6.93,6.92,428.0,-0.02,-0.29,6.918,6.912,6.913,620.08,509.74,404.92,0.01
2018-06-07 10:05:00,6.93,6.93,6.93,6.91,334.0,0.0,0.0,6.926,6.915,6.9145,603.08,519.74,417.72,0.01
2018-06-07 10:10:00,6.93,6.93,6.93,6.92,333.0,0.0,0.0,6.932,6.917,6.916,653.68,527.34,399.87,0.01
2018-06-07 10:15:00,6.93,6.95,6.95,6.93,461.0,0.02,0.29,6.938,6.922,6.917,467.4,499.64,384.89,0.02
2018-06-07 10:20:00,6.95,6.95,6.94,6.94,269.0,-0.01,-0.14,6.936,6.925,6.918,365.0,491.74,394.12,0.01
2018-06-07 10:25:00,6.94,6.95,6.95,6.94,566.0,0.01,0.14,6.94,6.929,6.92,392.6,506.34,419.67,0.02
2018-06-07 10:30:00,6.95,6.95,6.95,6.94,271.0,0.0,0.0,6.944,6.935,6.9215,380.0,491.54,411.84,0.01
2018-06-07 10:35:00,6.95,6.95,6.94,6.94,785.0,-0.01,-0.14,6.946,6.939,6.9225,470.4,562.04,426.94,0.03
2018-06-07 10:40:00,6.94,6.95,6.94,6.94,959.0,0.0,0.0,6.944,6.941,6.9235,570.0,518.7,469.44,0.03
2018-06-07 10:45:00,6.94,6.94,6.94,6.93,183.0,0.0,0.0,6.944,6.94,6.925,552.8,458.9,469.87,0.01
2018-06-07 10:50:00,6.94,6.94,6.93,6.93,194.0,-0.01,-0.14,6.94,6.94,6.926,478.4,435.5,472.62,0.01
2018-06-07 10:55:00,6.93,6.94,6.94,6.93,55.0,0.01,0.14,6.938,6.941,6.928,435.2,407.6,463.67,0.0
2018-06-07 11:00:00,6.94,6.94,6.94,6.93,306.0,0.0,0.0,6.938,6.942,6.9295,339.4,404.9,466.12,0.01
2018-06-07 11:05:00,6.94,6.94,6.94,6.93,122.0,0.0,0.0,6.938,6.941,6.9315,172.0,371.0,435.32,0.0
2018-06-07 11:10:00,6.94,6.94,6.93,6.93,161.0,-0.01,-0.14,6.936,6.94,6.9325,167.6,360.2,425.97,0.01
2018-06-07 11:15:00,6.93,6.94,6.94,6.93,251.0,0.01,0.14,6.938,6.939,6.934,179.0,328.7,417.52,0.01
2018-06-07 11:20:00,6.94,6.94,6.93,6.93,61.0,-0.01,-0.14,6.936,6.937,6.936,180.2,307.7,399.62,0.0
2018-06-07 11:25:00,6.93,6.93,6.92,6.92,126.0,-0.01,-0.14,6.932,6.935,6.937,144.2,241.8,401.92,0.0
2018-06-07 11:30:00,6.92,6.92,6.91,6.91,121.0,-0.01,-0.14,6.926,6.932,6.9365,144.0,158.0,338.35,0.0
2018-06-07 13:05:00,6.91,6.93,6.93,6.91,163.0,0.02,0.29,6.926,6.931,6.9355,144.4,156.0,307.45,0.01
2018-06-07 13:10:00,6.93,6.93,6.91,6.91,86.0,-0.02,-0.29,6.92,6.929,6.9345,111.4,145.2,290.35,0.0
2018-06-07 13:15:00,6.91,6.91,6.9,6.9,388.0,-0.01,-0.14,6.914,6.925,6.933,176.8,178.5,293.05,0.01
2018-06-07 13:20:00,6.9,6.9,6.9,6.9,87.0,0.0,0.0,6.91,6.921,6.9315,169.0,156.6,280.75,0.0
2018-06-07 13:25:00,6.9,6.91,6.9,6.9,75.0,0.0,0.0,6.908,6.917,6.929,159.8,151.9,261.45,0.0
2018-06-07 13:30:00,6.9,6.9,6.9,6.9,20.0,0.0,0.0,6.902,6.914,6.927,131.2,137.8,249.0,0.0
2018-06-07 13:35:00,6.9,6.91,6.89,6.89,230.0,-0.01,-0.14,6.898,6.909,6.924,160.0,135.7,232.2,0.01
2018-06-07 13:40:00,6.89,6.9,6.9,6.89,110.0,0.01,0.15,6.898,6.906,6.9215,104.4,140.6,224.15,0.0
2018-06-07 13:45:00,6.9,6.9,6.9,6.89,280.0,0.0,0.0,6.898,6.904,6.9195,143.0,156.0,198.9,0.01
2018-06-07 13:50:00,6.9,6.91,6.91,6.9,144.0,0.01,0.14,6.9,6.904,6.918,156.8,158.3,158.15,0.0
2018-06-07 13:55:00,6.91,6.91,6.91,6.91,99.0,0.0,0.0,6.902,6.902,6.9165,172.6,151.9,153.95,0.0
2018-06-07 14:00:00,6.91,6.92,6.91,6.91,103.0,0.0,0.0,6.906,6.902,6.9155,147.2,153.6,149.4,0.0
2018-06-07 14:05:00,6.91,6.91,6.9,6.9,297.0,-0.01,-0.14,6.906,6.902,6.9135,184.6,144.5,161.5,0.01
2018-06-07 14:10:00,6.9,6.91,6.9,6.9,67.0,0.0,0.0,6.906,6.902,6.9115,142.0,142.5,149.55,0.0
2018-06-07 14:15:00,6.9,6.91,6.91,6.9,251.0,0.01,0.14,6.906,6.903,6.91,163.4,160.1,156.0,0.01
2018-06-07 14:20:00,6.91,6.91,6.89,6.89,244.0,-0.02,-0.29,6.902,6.902,6.908,192.4,182.5,160.15,0.01
2018-06-07 14:25:00,6.89,6.91,6.91,6.89,323.0,0.02,0.29,6.902,6.904,6.9065,236.4,191.8,163.75,0.01
2018-06-07 14:30:00,6.91,6.91,6.91,6.89,751.0,0.0,0.0,6.904,6.905,6.9055,327.2,255.9,198.25,0.03
2018-06-07 14:35:00,6.91,6.91,6.89,6.89,263.0,-0.02,-0.29,6.902,6.904,6.904,366.4,254.2,205.1,0.01
2018-06-07 14:40:00,6.89,6.91,6.9,6.89,164.0,0.01,0.15,6.9,6.903,6.9035,349.0,256.2,207.25,0.01
2018-06-07 14:45:00,6.9,6.91,6.89,6.89,876.0,-0.01,-0.14,6.9,6.901,6.9015,475.4,333.9,242.9,0.03
2018-06-07 14:50:00,6.89,6.89,6.87,6.86,994.0,-0.02,-0.29,6.892,6.897,6.8995,609.6,423.0,288.3,0.03
2018-06-07 14:55:00,6.87,6.88,6.85,6.84,819.0,-0.02,-0.29,6.88,6.892,6.897,623.2,475.2,309.85,0.03
2018-06-07 15:00:00,6.84,6.85,6.84,6.84,603.0,0.0,0.0,6.87,6.886,6.894,691.2,528.8,335.65,0.02
2018-06-08 09:35:00,6.84,6.86,6.83,6.82,621.0,-0.01,-0.15,6.856,6.878,6.8905,782.6,565.8,362.95,0.02
2018-06-08 09:40:00,6.83,6.84,6.76,6.72,1285.0,-0.07,-1.02,6.83,6.865,6.8835,864.4,669.9,426.2,0.04
2018-06-08 09:45:00,6.76,6.78,6.75,6.74,860.0,-0.01,-0.15,6.806,6.849,6.8765,837.6,723.6,457.7,0.03
2018-06-08 09:50:00,6.75,6.76,6.75,6.74,777.0,0.0,0.0,6.786,6.833,6.869,829.2,726.2,491.05,0.03
2018-06-08 09:55:00,6.74,6.75,6.72,6.72,1304.0,-0.02,-0.3,6.762,6.816,6.86,969.4,830.3,542.25,0.04
2018-06-08 10:00:00,6.72,6.73,6.73,6.72,594.01,0.01,0.15,6.742,6.799,6.851,964.0,873.3,564.75,0.02
2018-06-08 10:05:00,6.73,6.74,6.72,6.72,817.0,-0.01,-0.15,6.734,6.782,6.8415,870.4,867.4,600.65,0.03
2018-06-08 10:10:00,6.72,6.73,6.73,6.72,198.0,0.01,0.15,6.73,6.768,6.8325,738.0,787.8,605.4,0.01
2018-06-08 10:15:00,6.72,6.73,6.71,6.7,1003.0,-0.01,-0.15,6.722,6.754,6.823,783.2,806.2,640.7,0.03
2018-06-08 10:20:00,6.71,6.73,6.73,6.71,676.26,0.02,0.3,6.724,6.743,6.8145,657.65,813.53,671.16,0.02
2018-06-08 10:25:00,6.73,6.73,6.72,6.7,880.74,-0.01,-0.15,6.722,6.732,6.805,715.0,839.5,702.65,0.03
2018-06-08 10:30:00,6.72,6.73,6.71,6.7,898.0,-0.01,-0.15,6.72,6.727,6.796,731.2,800.8,735.35,0.03
2018-06-08 10:35:00,6.71,6.71,6.68,6.67,1376.39,-0.03,-0.45,6.71,6.72,6.7845,966.88,852.44,788.02,0.05
2018-06-08 10:40:00,6.68,6.74,6.73,6.68,1091.0,0.05,0.75,6.714,6.718,6.7755,984.48,883.84,805.02,0.04
2018-06-08 10:45:00,6.74,6.74,6.72,6.72,330.0,-0.02,-0.3,6.712,6.718,6.767,915.23,786.44,808.37,0.01
2018-06-08 10:50:00,6.72,6.72,6.71,6.71,63.0,-0.01,-0.15,6.71,6.716,6.7575,751.68,733.34,803.32,0.0
2018-06-08 10:55:00,6.71,6.72,6.7,6.69,441.0,-0.01,-0.15,6.708,6.714,6.748,660.28,695.74,781.57,0.01
2018-06-08 11:00:00,6.7,6.72,6.72,6.7,78.0,0.02,0.3,6.716,6.713,6.7405,400.6,683.74,735.77,0.0
2018-06-08 11:05:00,6.72,6.72,6.72,6.72,61.0,0.0,0.0,6.714,6.714,6.734,194.6,589.54,697.87,0.0
2018-06-08 11:10:00,6.72,6.74,6.73,6.72,607.0,0.01,0.15,6.716,6.714,6.7285,250.0,582.61,698.07,0.02
2018-06-08 11:15:00,6.73,6.73,6.71,6.71,177.0,-0.02,-0.3,6.716,6.713,6.7225,272.8,512.24,675.87,0.01
2018-06-08 11:20:00,6.71,6.71,6.7,6.69,494.0,-0.01,-0.15,6.716,6.712,6.7195,283.4,471.84,636.32,0.02
2018-06-08 11:25:00,6.7,6.7,6.69,6.68,708.0,-0.01,-0.15,6.71,6.713,6.7165,409.4,405.0,628.72,0.02
2018-06-08 11:30:00,6.69,6.7,6.68,6.67,431.61,-0.01,-0.15,6.702,6.708,6.713,483.52,339.06,611.45,0.01
2018-06-08 13:05:00,6.68,6.7,6.69,6.68,162.0,0.01,0.15,6.694,6.705,6.7115,394.52,322.26,554.35,0.01
2018-06-08 13:10:00,6.69,6.69,6.69,6.68,206.0,0.0,0.0,6.69,6.703,6.7095,400.32,336.56,534.95,0.01
2018-06-08 13:15:00,6.69,6.69,6.69,6.68,420.0,0.0,0.0,6.688,6.702,6.708,385.52,334.46,515.1,0.01
2018-06-08 13:20:00,6.69,6.7,6.7,6.69,89.0,0.01,0.15,6.69,6.7,6.7065,261.72,335.56,509.65,0.0
2018-06-08 13:25:00,6.7,6.7,6.68,6.68,286.0,-0.02,-0.3,6.69,6.696,6.705,232.6,358.06,473.8,0.01
2018-06-08 13:30:00,6.68,6.7,6.69,6.68,190.0,0.01,0.15,6.69,6.692,6.703,238.2,316.36,449.49,0.01
2018-06-08 13:35:00,6.69,6.69,6.69,6.68,269.0,0.0,0.0,6.69,6.69,6.7015,250.8,325.56,418.9,0.01
2018-06-08 13:40:00,6.69,6.7,6.7,6.69,520.0,0.01,0.15,6.692,6.69,6.701,270.8,328.16,400.0,0.02
2018-06-08 13:45:00,6.7,6.7,6.7,6.69,66.0,0.0,0.0,6.692,6.691,6.702,266.2,263.96,334.48,0.0
2018-06-08 13:50:00,6.7,6.7,6.69,6.68,310.0,-0.01,-0.15,6.694,6.692,6.7,271.0,251.8,295.43,0.01
2018-06-08 13:55:00,6.69,6.69,6.69,6.68,32.0,0.0,0.0,6.694,6.692,6.6985,239.4,238.8,280.53,0.0
2018-06-08 14:00:00,6.69,6.7,6.68,6.68,185.0,-0.01,-0.15,6.692,6.691,6.697,222.6,236.7,286.63,0.01
2018-06-08 14:05:00,6.68,6.69,6.68,6.68,276.61,0.0,0.0,6.688,6.69,6.696,173.92,222.36,278.41,0.01
2018-06-08 14:10:00,6.68,6.68,6.65,6.64,1643.0,-0.03,-0.45,6.678,6.685,6.6925,489.32,377.76,356.66,0.06
2018-06-08 14:15:00,6.65,6.67,6.66,6.64,317.0,0.01,0.15,6.672,6.683,6.6895,490.72,380.86,369.46,0.01
2018-06-08 14:20:00,6.66,6.67,6.65,6.65,339.0,-0.01,-0.15,6.664,6.679,6.6855,552.12,395.76,356.06,0.01
2018-06-08 14:25:00,6.65,6.67,6.66,6.65,258.0,0.01,0.15,6.66,6.676,6.683,566.72,394.66,360.11,0.01
2018-06-08 14:30:00,6.66,6.68,6.67,6.66,89.0,0.01,0.15,6.658,6.673,6.6815,529.2,351.56,339.86,0.0
2018-06-08 14:35:00,6.67,6.7,6.69,6.67,283.39,0.02,0.3,6.666,6.672,6.6815,257.28,373.3,318.63,0.01
2018-06-08 14:40:00,6.69,6.69,6.67,6.67,168.0,-0.02,-0.3,6.668,6.67,6.681,227.48,359.1,305.45,0.01
2018-06-08 14:45:00,6.67,6.68,6.68,6.67,368.0,0.01,0.15,6.674,6.669,6.6805,233.28,392.7,315.75,0.01
2018-06-08 14:50:00,6.68,6.68,6.67,6.65,1781.0,-0.01,-0.15,6.676,6.668,6.6795,537.88,552.3,394.5,0.06
2018-06-08 14:55:00,6.68,6.74,6.72,6.67,1025.2,0.04,0.6,6.686,6.672,6.681,725.12,627.16,424.76,0.03
2018-06-08 15:00:00,6.72,6.74,6.72,6.72,214.0,0.0,0.0,6.692,6.679,6.682,711.24,484.26,431.01,0.01
2018-06-11 09:35:00,6.68,6.69,6.64,6.64,760.0,-0.04,-0.6,6.686,6.677,6.68,829.64,528.56,454.71,0.03
2018-06-11 09:40:00,6.64,6.64,6.62,6.55,1597.0,-0.02,-0.3,6.674,6.674,6.6765,1075.44,654.36,525.06,0.05
2018-06-11 09:45:00,6.62,6.62,6.58,6.58,704.27,-0.04,-0.6,6.656,6.666,6.671,860.09,698.99,546.82,0.02
2018-06-11 09:50:00,6.58,6.6,6.6,6.58,428.0,0.02,0.3,6.632,6.659,6.666,740.65,732.89,542.22,0.01
2018-06-11 09:55:00,6.6,6.62,6.62,6.6,198.0,0.02,0.3,6.612,6.652,6.662,737.45,724.35,548.82,0.01
2018-06-11 10:00:00,6.62,6.63,6.63,6.6,868.0,0.01,0.15,6.61,6.648,6.659,759.05,794.35,576.72,0.03
2018-06-11 10:05:00,6.63,6.66,6.65,6.63,258.0,0.02,0.3,6.616,6.645,6.657,491.25,783.35,588.02,0.01
2018-06-11 10:10:00,6.65,6.66,6.64,6.64,127.0,-0.01,-0.15,6.628,6.642,6.655,375.8,617.95,585.12,0.0
2018-06-11 10:15:00,6.64,6.65,6.65,6.64,67.0,0.01,0.15,6.638,6.635,6.6535,303.6,522.13,574.64,0.0
2018-06-11 10:20:00,6.65,6.65,6.65,6.64,385.0,0.0,0.0,6.644,6.628,6.6535,341.0,539.23,511.74,0.01
2018-06-11 10:25:00,6.65,6.65,6.63,6.62,314.0,-0.02,-0.3,6.644,6.627,6.652,230.2,494.63,511.59,0.01
2018-06-11 10:30:00,6.63,6.63,6.61,6.61,271.0,-0.02,-0.3,6.636,6.626,6.65,232.8,362.03,508.19,0.01
2018-06-11 10:35:00,6.61,6.63,6.6,6.6,472.0,-0.01,-0.15,6.628,6.628,6.647,301.8,338.8,518.89,0.02
2018-06-11 10:40:00,6.6,6.63,6.62,6.6,75.0,0.02,0.3,6.622,6.63,6.6445,303.4,303.5,518.19,0.0
2018-06-11 10:45:00,6.62,6.62,6.61,6.61,102.0,-0.01,-0.15,6.614,6.629,6.6405,246.8,293.9,509.12,0.0
2018-06-11 10:50:00,6.61,6.62,6.62,6.6,251.0,0.01,0.15,6.612,6.628,6.638,234.2,232.2,513.27,0.01
2018-06-11 10:55:00,6.62,6.62,6.61,6.6,112.0,-0.01,-0.15,6.612,6.624,6.6345,202.4,217.6,500.47,0.0
2018-06-11 11:00:00,6.61,6.66,6.66,6.6,372.0,0.05,0.76,6.624,6.626,6.634,182.4,242.1,430.02,0.01
2018-06-11 11:05:00,6.66,6.66,6.63,6.62,538.0,-0.03,-0.45,6.626,6.624,6.6295,275.0,289.2,405.66,0.02
2018-06-11 11:10:00,6.63,6.66,6.66,6.63,207.0,0.03,0.45,6.636,6.625,6.6265,296.0,271.4,405.31,0.01
2018-06-11 11:15:00,6.64,6.65,6.65,6.63,60.0,0.01,0.15,6.642,6.627,6.627,257.8,246.0,370.31,0.0
2018-06-11 11:20:00,6.65,6.65,6.64,6.64,41.0,-0.01,-0.15,6.648,6.63,6.628,243.6,223.0,292.51,0.0
2018-06-11 11:25:00,6.64,6.65,6.63,6.62,141.0,-0.01,-0.15,6.642,6.633,6.6305,197.4,189.9,264.35,0.0
2018-06-11 11:30:00,6.63,6.63,6.63,6.62,114.0,0.0,0.0,6.642,6.634,6.632,112.6,193.8,248.65,0.0
2018-06-11 13:05:00,6.63,6.63,6.62,6.61,247.0,-0.01,-0.15,6.634,6.635,6.632,120.6,208.3,251.1,0.01
2018-06-11 13:10:00,6.62,6.62,6.62,6.62,51.0,0.0,0.0,6.628,6.635,6.6315,118.8,188.3,210.25,0.0
2018-06-11 13:15:00,6.62,6.63,6.63,6.62,63.0,0.01,0.15,6.626,6.637,6.6305,123.2,183.4,200.5,0.0
2018-06-11 13:20:00,6.63,6.63,6.6,6.6,541.0,-0.03,-0.45,6.62,6.631,6.6285,203.2,200.3,221.2,0.02
2018-06-11 13:25:00,6.6,6.62,6.61,6.59,76.0,0.01,0.15,6.616,6.629,6.6265,195.6,154.1,221.65,0.0
2018-06-11 13:30:00,6.61,6.61,6.61,6.6,587.0,0.0,0.0,6.614,6.624,6.6245,263.6,192.1,231.75,0.02
2018-06-11 13:35:00,6.61,6.64,6.63,6.61,740.0,0.02,0.3,6.616,6.622,6.6245,401.4,260.1,253.05,0.03
2018-06-11 13:40:00,6.63,6.64,6.63,6.63,464.0,0.0,0.0,6.616,6.621,6.6255,481.6,302.4,262.7,0.02
2018-06-11 13:45:00,6.63,6.64,6.64,6.63,54.0,0.01,0.15,6.624,6.622,6.6275,384.2,293.7,241.8,0.0
2018-06-11 13:50:00,6.64,6.64,6.63,6.62,281.0,-0.01,-0.15,6.628,6.622,6.628,425.2,310.4,252.1,0.01
2018-06-11 13:55:00,6.63,6.64,6.63,6.63,258.0,0.0,0.0,6.632,6.623,6.629,359.4,311.5,259.9,0.01
2018-06-11 14:00:00,6.63,6.63,6.61,6.61,201.0,-0.02,-0.3,6.628,6.622,6.6285,251.6,326.5,257.4,0.01
2018-06-11 14:05:00,6.61,6.63,6.63,6.61,362.0,0.02,0.3,6.628,6.622,6.6295,231.2,356.4,269.9,0.01
2018-06-11 14:10:00,6.63,6.64,6.62,6.62,215.0,-0.01,-0.15,6.624,6.624,6.6275,263.4,323.8,262.05,0.01
2018-06-11 14:15:00,6.62,6.62,6.61,6.6,510.0,-0.01,-0.15,6.62,6.624,6.6265,309.2,367.2,260.65,0.02
2018-06-11 14:20:00,6.61,6.61,6.61,6.6,229.0,0.0,0.0,6.616,6.624,6.624,303.4,331.4,261.75,0.01
2018-06-11 14:25:00,6.61,6.61,6.61,6.61,141.0,0.0,0.0,6.616,6.622,6.622,291.4,271.5,265.8,0.0
2018-06-11 14:30:00,6.62,6.62,6.61,6.61,192.0,-0.01,-0.15,6.612,6.62,6.6205,257.4,244.3,273.35,0.01
2018-06-11 14:35:00,6.61,6.75,6.71,6.61,6923.0,0.1,1.51,6.63,6.627,6.6245,1599.0,931.2,612.45,0.23
2018-06-11 14:40:00,6.71,6.71,6.71,6.7,420.0,0.0,0.0,6.65,6.635,6.6285,1581.0,945.1,627.75,0.01
2018-06-11 14:45:00,6.71,6.71,6.69,6.67,591.0,-0.02,-0.3,6.666,6.641,6.632,1653.4,978.4,644.95,0.02
2018-06-11 14:50:00,6.69,6.69,6.68,6.67,287.0,-0.01,-0.15,6.68,6.648,6.635,1682.6,987.0,656.75,0.01
2018-06-11 14:55:00,6.68,6.69,6.67,6.66,598.0,-0.01,-0.15,6.692,6.652,6.637,1763.8,1010.6,683.5,0.02
2018-06-11 15:00:00,6.67,6.67,6.67,6.66,238.0,0.0,0.0,6.684,6.657,6.6405,426.8,1012.9,668.35,0.01
2018-06-12 09:35:00,6.67,6.7,6.7,6.66,999.0,0.03,0.45,6.682,6.666,6.645,542.6,1061.8,714.5,0.03
2018-06-12 09:40:00,6.7,6.7,6.68,6.68,288.0,-0.02,-0.3,6.68,6.673,6.6485,482.0,1067.7,699.55,0.01
2018-06-12 09:45:00,6.68,6.69,6.67,6.66,460.0,-0.01,-0.15,6.678,6.679,6.6505,516.6,1099.6,685.55,0.02
2018-06-12 09:50:00,6.67,6.67,6.67,6.66,282.0,0.0,0.0,6.678,6.685,6.6525,453.4,1108.6,676.45,0.01
2018-06-12 09:55:00,6.67,6.68,6.67,6.66,622.0,0.0,0.0,6.678,6.681,6.654,530.2,478.5,704.85,0.02
2018-06-12 10:00:00,6.67,6.69,6.69,6.66,335.0,0.02,0.3,6.676,6.679,6.657,397.4,470.0,707.55,0.01
2018-06-12 10:05:00,6.69,6.69,6.65,6.65,460.0,-0.04,-0.6,6.67,6.675,6.658,431.8,456.9,717.65,0.02
2018-06-12 10:10:00,6.65,6.68,6.64,6.64,289.0,-0.01,-0.15,6.664,6.671,6.6595,397.6,457.1,722.05,0.01
2018-06-12 10:15:00,6.64,6.66,6.63,6.63,235.0,-0.01,-0.15,6.656,6.667,6.6595,388.2,420.8,715.7,0.01
2018-06-12 10:20:00,6.63,6.63,6.63,6.62,605.0,0.0,0.0,6.648,6.663,6.66,384.8,457.5,735.2,0.02
2018-06-12 10:25:00,6.63,6.66,6.65,6.62,339.0,0.02,0.3,6.64,6.658,6.662,385.6,391.5,726.65,0.01
2018-06-12 10:30:00,6.65,6.65,6.65,6.63,233.0,0.0,0.0,6.64,6.655,6.664,340.2,386.0,726.85,0.01
2018-06-12 10:35:00,6.64,6.65,6.64,6.64,317.0,0.0,0.0,6.64,6.652,6.6655,345.8,371.7,735.65,0.01
2018-06-12 10:40:00,6.64,6.65,6.64,6.64,487.0,0.0,0.0,6.642,6.649,6.667,396.2,392.2,750.4,0.02
2018-06-12 10:45:00,6.65,6.66,6.66,6.64,119.0,0.01,0.15,6.648,6.648,6.6645,299.0,341.9,410.2,0.0
2018-06-12 10:50:00,6.66,6.66,6.65,6.65,91.0,-0.01,-0.15,6.648,6.644,6.6615,249.4,317.5,393.75,0.0
2018-06-12 10:55:00,6.65,6.66,6.66,6.65,80.0,0.01,0.15,6.65,6.645,6.66,218.8,279.5,368.2,0.0
2018-06-12 11:00:00,6.66,6.66,6.66,6.65,41.0,0.0,0.0,6.654,6.647,6.659,163.6,254.7,355.9,0.0
2018-06-12 11:05:00,6.66,6.66,6.65,6.65,198.0,-0.01,-0.15,6.656,6.649,6.658,105.8,251.0,335.9,0.01
2018-06-12 11:10:00,6.65,6.65,6.64,6.64,92.0,-0.01,-0.15,6.652,6.65,6.6565,100.4,199.7,328.6,0.0
2018-06-12 11:15:00,6.64,6.66,6.65,6.64,268.0,0.01,0.15,6.652,6.65,6.654,135.8,192.6,292.05,0.01
2018-06-12 11:20:00,6.65,6.67,6.66,6.65,69.0,0.01,0.15,6.652,6.651,6.653,133.6,176.2,281.1,0.0
2018-06-12 11:25:00,6.66,6.67,6.66,6.66,211.0,0.0,0.0,6.652,6.653,6.6525,167.6,165.6,268.65,0.01
2018-06-12 11:30:00,6.66,6.7,6.7,6.66,697.0,0.04,0.6,6.662,6.659,6.654,267.4,186.6,289.4,0.02
2018-06-12 13:05:00,6.7,6.71,6.7,6.7,249.0,0.0,0.0,6.674,6.663,6.6555,298.8,199.6,270.75,0.01
2018-06-12 13:10:00,6.7,6.71,6.7,6.7,933.0,0.0,0.0,6.684,6.668,6.656,431.8,283.8,300.65,0.03
2018-06-12 13:15:00,6.7,6.7,6.69,6.68,92.0,-0.01,-0.15,6.69,6.671,6.658,436.4,285.0,282.25,0.0
2018-06-12 13:20:00,6.69,6.7,6.7,6.69,60.0,0.01,0.15,6.698,6.675,6.661,406.2,286.9,270.8,0.0
2018-06-12 13:25:00,6.7,6.7,6.7,6.69,40.0,0.0,0.0,6.698,6.68,6.6645,274.8,271.1,261.05,0.0
2018-06-12 13:30:00,6.7,6.7,6.7,6.69,362.0,0.0,0.0,6.698,6.686,6.668,297.4,298.1,248.9,0.01
2018-06-12 13:35:00,6.7,6.71,6.69,6.69,326.4,-0.01,-0.15,6.696,6.69,6.67,176.08,303.94,248.27,0.01
2018-06-12 13:40:00,6.69,6.71,6.71,6.69,58.0,0.02,0.3,6.7,6.695,6.673,169.28,302.84,239.52,0.0
2018-06-12 13:45:00,6.71,6.71,6.69,6.69,109.0,-0.02,-0.3,6.698,6.698,6.6755,179.08,292.64,229.12,0.0
2018-06-12 13:50:00,6.69,6.71,6.71,6.69,177.0,0.02,0.3,6.7,6.699,6.679,206.48,240.64,213.62,0.01
2018-06-12 13:55:00,6.71,6.71,6.7,6.7,181.0,-0.01,-0.15,6.7,6.699,6.681,170.28,233.84,216.72,0.01
2018-06-12 14:00:00,6.7,6.71,6.71,6.69,234.0,0.01,0.15,6.704,6.7,6.684,151.8,163.94,223.87,0.01
2018-06-12 14:05:00,6.71,6.73,6.72,6.69,647.0,0.01,0.15,6.706,6.703,6.687,269.6,219.44,252.22,0.02
2018-06-12 14:10:00,6.73,6.73,6.71,6.71,183.0,-0.02,-0.3,6.71,6.704,6.6895,284.4,231.74,259.32,0.01
2018-06-12 14:15:00,6.71,6.71,6.71,6.7,220.0,0.0,0.0,6.71,6.705,6.6925,293.0,249.74,260.42,0.01
2018-06-12 14:20:00,6.71,6.72,6.71,6.7,197.0,0.0,0.0,6.712,6.706,6.696,296.2,233.24,265.67,0.01
2018-06-12 14:25:00,6.71,6.71,6.71,6.71,50.0,0.0,0.0,6.712,6.708,6.699,259.4,205.6,254.77,0.0
2018-06-12 14:30:00,6.71,6.72,6.72,6.7,50.0,0.01,0.15,6.712,6.709,6.702,140.0,204.8,253.82,0.0
2018-06-12 14:35:00,6.72,6.72,6.7,6.7,312.0,-0.02,-0.3,6.71,6.71,6.704,165.8,225.1,258.87,0.01
2018-06-12 14:40:00,6.7,6.71,6.7,6.7,283.0,0.0,0.0,6.708,6.709,6.704,178.4,235.7,238.17,0.01
2018-06-12 14:45:00,6.7,6.71,6.7,6.7,136.0,0.0,0.0,6.706,6.709,6.704,166.2,231.2,232.52,0.0
2018-06-12 14:50:00,6.7,6.71,6.7,6.69,787.0,0.0,0.0,6.704,6.708,6.704,313.6,286.5,225.22,0.03
2018-06-12 14:55:00,6.7,6.7,6.69,6.69,542.0,-0.01,-0.15,6.698,6.705,6.704,412.0,276.0,247.72,0.02
2018-06-12 15:00:00,6.69,6.7,6.7,6.69,178.27,0.01,0.15,6.698,6.704,6.704,385.25,275.53,253.63,0.01
2018-06-13 09:35:00,6.67,6.68,6.67,6.66,426.0,0.0,0.0,6.692,6.7,6.7025,413.85,296.13,272.93,0.01
2018-06-13 09:40:00,6.67,6.68,6.68,6.66,441.0,0.01,0.15,6.688,6.697,6.7015,474.85,320.53,276.88,0.01
2018-06-13 09:45:00,6.68,6.68,6.66,6.66,391.0,-0.02,-0.3,6.68,6.692,6.7,395.65,354.63,280.11,0.01
2018-06-13 09:50:00,6.66,6.66,6.65,6.64,564.0,-0.01,-0.15,6.672,6.685,6.697,400.05,406.03,305.41,0.02
2018-06-13 09:55:00,6.65,6.65,6.64,6.64,234.0,-0.01,-0.15,6.66,6.679,6.6945,411.2,398.23,311.66,0.01
2018-06-13 10:00:00,6.64,6.65,6.65,6.64,368.0,0.01,0.15,6.656,6.674,6.6915,399.6,406.73,321.21,0.01
2018-06-13 10:05:00,6.65,6.65,6.64,6.64,451.0,-0.01,-0.15,6.648,6.668,6.6885,401.6,438.23,334.71,0.02
2018-06-13 10:10:00,6.63,6.64,6.6,6.58,2012.0,-0.03,-0.45,6.636,6.658,6.683,725.8,560.73,423.61,0.07
2018-06-13 10:15:00,6.6,6.62,6.62,6.6,493.49,0.02,0.3,6.63,6.651,6.678,711.7,555.88,415.94,0.02
2018-06-13 10:20:00,6.62,6.63,6.63,6.62,184.0,0.01,0.15,6.628,6.644,6.674,701.7,556.45,415.99,0.01
2018-06-13 10:25:00,6.63,6.63,6.62,6.62,79.0,-0.01,-0.15,6.622,6.639,6.6695,643.9,521.75,408.94,0.0
2018-06-13 10:30:00,6.62,6.63,6.63,6.61,100.0,0.01,0.15,6.62,6.634,6.6655,573.7,487.65,404.09,0.0
2018-06-13 10:35:00,6.63,6.65,6.65,6.61,1096.0,0.02,0.3,6.63,6.633,6.6625,390.5,558.15,456.39,0.04
2018-06-13 10:40:00,6.65,6.65,6.64,6.63,198.0,-0.01,-0.15,6.634,6.632,6.6585,331.4,521.55,463.79,0.01
2018-06-13 10:45:00,6.64,6.64,6.63,6.63,226.0,-0.01,-0.15,6.634,6.631,6.655,339.8,520.75,459.49,0.01
2018-06-13 10:50:00,6.63,6.65,6.63,6.63,115.0,0.0,0.0,6.636,6.629,6.6515,347.0,495.45,451.09,0.0
2018-06-13 10:55:00,6.63,6.65,6.64,6.63,218.0,0.01,0.15,6.638,6.629,6.6485,370.6,472.15,455.19,0.01
2018-06-13 11:00:00,6.64,6.65,6.63,6.63,339.0,-0.01,-0.15,6.634,6.632,6.645,219.2,304.85,432.79,0.01
2018-06-13 11:05:00,6.63,6.65,6.65,6.63,78.0,0.02,0.3,6.636,6.635,6.643,195.2,263.3,409.59,0.0
2018-06-13 11:10:00,6.65,6.65,6.65,6.64,84.0,0.0,0.0,6.64,6.637,6.6405,166.8,253.3,404.87,0.0
2018-06-13 11:15:00,6.65,6.66,6.64,6.64,341.0,-0.01,-0.15,6.642,6.639,6.639,212.0,279.5,400.62,0.01
2018-06-13 11:20:00,6.64,6.65,6.65,6.64,14.0,0.01,0.15,6.644,6.641,6.6375,171.2,270.9,379.27,0.0
2018-06-13 11:25:00,6.65,6.65,6.63,6.63,195.0,-0.02,-0.3,6.644,6.639,6.636,142.4,180.8,369.47,0.01
2018-06-13 11:30:00,6.65,6.65,6.62,6.62,278.0,-0.03,-0.45,6.638,6.637,6.6345,182.4,188.8,355.17,0.01
2018-06-13 13:05:00,6.63,6.63,6.6,6.6,772.0,-0.03,-0.45,6.628,6.634,6.6325,320.0,243.4,382.07,0.03
2018-06-13 13:10:00,6.61,6.63,6.61,6.6,190.0,0.0,0.0,6.622,6.632,6.6305,289.8,250.9,373.17,0.01
2018-06-13 13:15:00,6.61,6.62,6.62,6.61,101.0,0.01,0.15,6.616,6.63,6.6295,307.2,239.2,355.67,0.0
2018-06-13 13:20:00,6.62,6.62,6.61,6.61,32.0,-0.01,-0.15,6.612,6.628,6.63,274.6,208.5,256.67,0.0
2018-06-13 13:25:00,6.61,6.61,6.6,6.6,173.0,-0.01,-0.15,6.608,6.623,6.629,253.6,218.0,240.65,0.01
2018-06-13 13:30:00,6.61,6.63,6.63,6.6,520.0,0.02,0.3,6.614,6.621,6.629,203.2,261.6,257.45,0.02
2018-06-13 13:35:00,6.63,6.63,6.62,6.62,266.0,-0.01,-0.15,6.616,6.619,6.629,218.4,254.1,266.8,0.01
2018-06-13 13:40:00,6.62,6.63,6.63,6.62,53.0,0.01,0.15,6.618,6.617,6.629,208.8,258.0,264.45,0.0
2018-06-13 13:45:00,6.63,6.63,6.62,6.62,102.0,-0.01,-0.15,6.62,6.616,6.6275,222.8,248.7,214.75,0.0
2018-06-13 13:50:00,6.62,6.64,6.64,6.62,207.0,0.02,0.3,6.628,6.618,6.6275,229.6,241.6,215.2,0.01
2018-06-13 13:55:00,6.64,6.65,6.64,6.64,270.0,0.0,0.0,6.63,6.622,6.628,179.6,191.4,217.4,0.01
2018-06-13 14:00:00,6.64,6.65,6.64,6.64,166.0,0.0,0.0,6.634,6.625,6.6285,159.6,189.0,219.95,0.01
2018-06-13 14:05:00,6.64,6.64,6.63,6.63,423.0,-0.01,-0.15,6.634,6.626,6.628,233.6,221.2,230.2,0.01
2018-06-13 14:10:00,6.63,6.63,6.63,6.63,371.0,0.0,0.0,6.636,6.628,6.628,287.4,255.1,231.8,0.01
2018-06-13 14:15:00,6.63,6.64,6.61,6.61,547.0,-0.02,-0.3,6.63,6.629,6.626,355.4,292.5,255.25,0.02
2018-06-13 14:20:00,6.61,6.62,6.61,6.6,187.0,0.0,0.0,6.624,6.627,6.624,338.8,259.2,260.4,0.01
2018-06-13 14:25:00,6.61,6.63,6.62,6.61,85.0,0.01,0.15,6.62,6.627,6.623,322.6,241.1,247.6,0.0
2018-06-13 14:30:00,6.62,6.62,6.6,6.6,300.0,-0.02,-0.3,6.614,6.624,6.6205,298.0,265.8,261.9,0.01
2018-06-13 14:35:00,6.6,6.61,6.6,6.59,1177.0,0.0,0.0,6.608,6.622,6.619,459.2,373.3,311.0,0.04
2018-06-13 14:40:00,6.59,6.6,6.58,6.57,790.51,-0.01,-0.15,6.602,6.616,6.617,507.9,431.65,336.63,0.03
2018-06-13 14:45:00,6.57,6.58,6.58,6.55,916.0,0.01,0.15,6.596,6.61,6.616,653.7,496.25,343.83,0.03
2018-06-13 14:50:00,6.57,6.58,6.57,6.57,339.0,0.0,0.0,6.586,6.603,6.614,704.5,513.55,351.28,0.01
2018-06-13 14:55:00,6.57,6.57,6.54,6.53,2477.0,-0.03,-0.46,6.574,6.594,6.61,1139.9,718.95,470.08,0.08
2018-06-13 15:00:00,6.54,6.54,6.49,6.49,1138.0,-0.05,-0.76,6.552,6.58,6.604,1132.1,795.65,525.38,0.04
2018-06-14 09:35:00,6.48,6.54,6.53,6.44,720.0,0.05,0.77,6.542,6.572,6.6005,1118.0,812.95,552.73,0.02
2018-06-14 09:40:00,6.53,6.54,6.52,6.49,549.0,-0.01,-0.15,6.53,6.563,6.595,1044.6,849.15,554.18,0.02
2018-06-14 09:45:00,6.52,6.52,6.48,6.47,667.0,-0.04,-0.61,6.512,6.549,6.588,1110.2,907.35,574.23,0.02
2018-06-14 09:50:00,6.48,6.48,6.48,6.46,1279.0,0.0,0.0,6.5,6.537,6.5805,870.6,1005.25,635.53,0.04
2018-06-14 09:55:00,6.48,6.51,6.51,6.48,385.35,0.03,0.46,6.504,6.528,6.575,720.07,926.09,649.69,0.01
2018-06-14 10:00:00,6.51,6.55,6.55,6.5,600.0,0.04,0.61,6.508,6.525,6.5705,696.07,907.04,669.34,0.02
2018-06-14 10:05:00,6.55,6.55,6.52,6.52,213.0,-0.03,-0.46,6.508,6.519,6.5645,628.87,836.74,666.49,0.01
2018-06-14 10:10:00,6.53,6.53,6.51,6.51,333.0,-0.02,-0.31,6.514,6.513,6.558,562.07,836.14,674.84,0.01
2018-06-14 10:15:00,6.51,6.53,6.53,6.51,201.49,0.02,0.31,6.524,6.512,6.553,346.57,608.58,663.77,0.01
2018-06-14 10:20:00,6.53,6.53,6.51,6.51,240.51,-0.02,-0.31,6.524,6.514,6.547,317.6,518.84,657.24,0.01
2018-06-14 10:25:00,6.51,6.52,6.5,6.5,394.0,-0.01,-0.15,6.514,6.511,6.5415,276.4,486.24,649.59,0.01
2018-06-14 10:30:00,6.5,6.52,6.51,6.49,412.0,0.01,0.15,6.512,6.51,6.5365,316.2,472.54,660.84,0.01
2018-06-14 10:35:00,6.51,6.51,6.49,6.49,295.0,-0.02,-0.31,6.508,6.511,6.53,308.6,435.34,671.34,0.01
2018-06-14 10:40:00,6.49,6.5,6.5,6.48,590.0,0.01,0.15,6.502,6.513,6.525,386.3,366.44,685.84,0.02
2018-06-14 10:45:00,6.5,6.5,6.49,6.49,52.0,-0.01,-0.15,6.498,6.511,6.5195,348.6,333.1,629.59,0.0
2018-06-14 10:50:00,6.49,6.5,6.49,6.49,54.0,0.0,0.0,6.496,6.505,6.515,280.6,278.5,592.77,0.0
2018-06-14 10:55:00,6.49,6.5,6.48,6.48,137.0,-0.01,-0.15,6.49,6.501,6.51,225.6,270.9,553.82,0.0
2018-06-14 11:00:00,6.48,6.49,6.48,6.47,222.65,0.0,0.0,6.488,6.498,6.5055,211.13,259.87,548.0,0.01
2018-06-14 11:05:00,6.48,6.49,6.49,6.48,54.35,0.01,0.15,6.486,6.494,6.503,104.0,245.15,426.87,0.0
2018-06-14 11:10:00,6.49,6.49,6.49,6.47,63.0,0.0,0.0,6.486,6.492,6.503,106.2,227.4,373.12,0.0
2018-06-14 11:15:00,6.49,6.49,6.47,6.47,142.0,-0.02,-0.31,6.482,6.489,6.5,123.8,202.2,344.22,0.0
2018-06-14 11:20:00,6.47,6.48,6.47,6.47,99.65,0.0,0.0,6.48,6.485,6.4975,116.33,170.97,321.75,0.0
2018-06-14 11:25:00,6.47,6.47,6.46,6.45,644.0,-0.01,-0.15,6.476,6.482,6.4965,200.6,205.87,320.6,0.02
2018-06-14 11:30:00,6.46,6.47,6.45,6.45,210.0,-0.01,-0.15,6.468,6.477,6.495,231.73,167.87,267.15,0.01
2018-06-14 13:05:00,6.45,6.46,6.46,6.45,98.0,0.01,0.16,6.462,6.474,6.4925,238.73,172.47,252.78,0.0
2018-06-14 13:10:00,6.46,6.46,6.45,6.44,303.0,-0.01,-0.15,6.458,6.47,6.4875,270.93,197.37,237.93,0.01
2018-06-14 13:15:00,6.45,6.45,6.45,6.45,132.0,0.0,0.0,6.454,6.467,6.484,277.4,196.87,233.88,0.0
2018-06-14 13:20:00,6.45,6.45,6.45,6.44,169.0,0.0,0.0,6.452,6.464,6.481,182.4,191.5,225.68,0.01
2018-06-14 13:25:00,6.45,6.46,6.46,6.44,522.0,0.01,0.16,6.454,6.461,6.4775,244.8,238.27,241.71,0.02
2018-06-14 13:30:00,6.46,6.46,6.46,6.45,181.0,0.0,0.0,6.454,6.458,6.475,261.4,250.07,238.73,0.01
2018-06-14 13:35:00,6.46,6.46,6.45,6.45,111.0,-0.01,-0.15,6.454,6.456,6.4725,223.0,246.97,224.58,0.0
2018-06-14 13:40:00,6.45,6.46,6.46,6.45,43.0,0.01,0.16,6.456,6.455,6.47,205.2,241.3,206.13,0.0
2018-06-14 13:45:00,6.46,6.46,6.45,6.44,738.0,-0.01,-0.15,6.456,6.454,6.468,319.0,250.7,228.28,0.03
2018-06-14 13:50:00,6.45,6.45,6.43,6.43,706.0,-0.02,-0.31,6.45,6.452,6.4645,355.8,300.3,234.08,0.02
2018-06-14 13:55:00,6.43,6.43,6.41,6.4,569.0,-0.02,-0.31,6.44,6.447,6.4605,433.4,347.4,259.93,0.02
2018-06-14 14:00:00,6.41,6.42,6.42,6.4,661.0,0.01,0.16,6.434,6.444,6.457,543.4,383.2,290.28,0.02
2018-06-14 14:05:00,6.42,6.42,6.42,6.41,203.0,0.0,0.0,6.426,6.441,6.454,575.4,390.3,293.58,0.01
2018-06-14 14:10:00,6.42,6.42,6.41,6.41,476.0,-0.01,-0.16,6.418,6.437,6.4505,523.0,421.0,306.25,0.02
2018-06-14 14:15:00,6.41,6.41,6.35,6.35,993.0,-0.06,-0.94,6.402,6.426,6.4435,580.4,468.1,353.18,0.03
2018-06-14 14:20:00,6.35,6.39,6.39,6.35,1120.27,0.04,0.63,6.398,6.419,6.4385,690.65,562.03,406.05,0.04
2018-06-14 14:25:00,6.39,6.39,6.38,6.38,217.0,-0.01,-0.16,6.39,6.412,6.434,601.85,572.63,409.8,0.01
2018-06-14 14:30:00,6.38,6.39,6.39,6.36,1266.0,0.01,0.16,6.384,6.405,6.43,814.45,694.93,468.11,0.04
2018-06-14 14:35:00,6.39,6.44,6.43,6.39,873.0,0.04,0.63,6.388,6.403,6.4285,893.85,708.43,479.56,0.03
2018-06-14 14:40:00,6.43,6.43,6.41,6.41,176.0,-0.02,-0.31,6.4,6.401,6.4265,730.45,655.43,477.86,0.01
2018-06-14 14:45:00,6.41,6.41,6.39,6.37,585.0,-0.02,-0.31,6.4,6.399,6.423,623.4,657.03,502.21,0.02
2018-06-14 14:50:00,6.39,6.4,6.38,6.38,570.0,-0.01,-0.16,6.4,6.395,6.4195,694.0,647.93,515.56,0.02
2018-06-14 14:55:00,6.38,6.39,6.35,6.35,1765.73,-0.03,-0.47,6.392,6.388,6.4145,793.95,804.2,597.25,0.06
2018-06-14 15:00:00,6.35,6.36,6.35,6.34,1333.0,0.0,0.0,6.376,6.382,6.4095,885.95,889.9,655.45,0.05
2018-06-15 09:35:00,6.41,6.54,6.48,6.41,2803.0,0.07,1.09,6.39,6.395,6.4105,1411.35,1070.9,769.5,0.1
2018-06-15 09:40:00,6.48,6.59,6.53,6.48,2809.0,0.05,0.77,6.418,6.409,6.414,1856.15,1239.77,900.9,0.1
2018-06-15 09:45:00,6.53,6.99,6.99,6.53,13225.0,0.46,7.04,6.54,6.47,6.441,4387.15,2540.57,1556.6,0.45
2018-06-15 09:50:00,6.99,6.99,6.99,6.99,5659.0,0.0,0.0,6.668,6.53,6.4675,5165.8,2979.87,1837.4,0.19
2018-06-15 09:55:00,6.99,6.99,6.99,6.99,3714.2,0.0,0.0,6.796,6.586,6.4945,5642.04,3263.99,1986.21,0.13
2018-06-15 10:00:00,6.99,6.99,6.99,6.99,2233.0,0.0,0.0,6.898,6.644,6.5225,5528.04,3469.69,2062.56,0.08
2018-06-15 10:05:00,6.99,6.99,6.99,6.88,41017.3,0.0,0.0,6.99,6.704,6.5515,13169.7,7512.92,4084.98,1.39
2018-06-15 10:10:00,6.99,6.99,6.99,6.99,772.0,0.0,0.0,6.99,6.765,6.58,10679.1,7533.12,4090.52,0.03
2018-06-15 10:15:00,6.99,6.99,6.99,6.99,674.0,0.0,0.0,6.99,6.829,6.6085,9682.1,7423.95,4114.08,0.02
2018-06-15 10:20:00,6.99,6.99,6.99,6.99,645.0,0.0,0.0,6.99,6.893,6.6375,9068.26,7355.15,4122.52,0.02
2018-06-15 10:25:00,6.99,6.99,6.99,6.99,670.0,0.0,0.0,6.99,6.944,6.6695,8755.66,7141.85,4106.38,0.02
2018-06-15 10:30:00,6.99,6.99,6.99,6.99,561.0,0.0,0.0,6.99,6.99,6.6995,664.4,6917.05,4078.41,0.02
2018-06-15 10:35:00,6.99,6.99,6.99,6.99,639.0,0.0,0.0,6.99,6.99,6.73,637.8,5658.45,4099.51,0.02
2018-06-15 10:40:00,6.99,6.99,6.99,6.99,753.0,0.0,0.0,6.99,6.99,6.76,653.6,5167.85,4073.86,0.03
2018-06-15 10:45:00,6.99,6.99,6.99,6.99,685.0,0.0,0.0,6.99,6.99,6.788,661.6,4864.93,4064.46,0.02
2018-06-15 10:50:00,6.99,6.99,6.99,6.99,1916.49,0.0,0.0,6.99,6.99,6.817,910.9,4833.28,4151.49,0.06
2018-06-15 10:55:00,6.99,6.99,6.99,6.99,2491.0,0.0,0.0,6.99,6.99,6.847,1296.9,980.65,4246.79,0.08
2018-06-15 11:00:00,6.99,6.99,6.99,6.99,340.0,0.0,0.0,6.99,6.99,6.8775,1237.1,937.45,4235.29,0.01
2018-06-15 11:05:00,6.99,6.99,6.99,6.99,160.0,0.0,0.0,6.99,6.99,6.9095,1118.5,886.05,4155.0,0.01
2018-06-15 11:10:00,6.99,6.99,6.99,6.99,402.0,0.0,0.0,6.99,6.99,6.9415,1061.9,861.75,4108.45,0.01
2018-06-15 11:15:00,6.99,6.99,6.99,6.99,2005.0,0.0,0.0,6.99,6.99,6.967,1079.6,995.25,4068.55,0.07
2018-06-15 11:20:00,6.99,6.99,6.99,6.99,130.0,0.0,0.0,6.99,6.99,6.99,607.4,952.15,3934.6,0.0
2018-06-15 11:25:00,6.99,6.99,6.99,6.99,548.0,0.0,0.0,6.99,6.99,6.99,649.0,943.05,3300.75,0.02
2018-06-15 11:30:00,6.99,6.99,6.99,6.99,547.0,0.0,0.0,6.99,6.99,6.99,726.4,922.45,3045.15,0.02
2018-06-15 13:05:00,6.99,6.99,6.99,6.99,1471.0,0.0,0.0,6.99,6.99,6.99,940.2,1001.05,2932.99,0.05
2018-06-15 13:10:00,6.99,6.99,6.99,6.99,656.0,0.0,0.0,6.99,6.99,6.99,670.4,875.0,2854.14,0.02
2018-06-15 13:15:00,6.99,6.99,6.99,6.99,786.0,0.0,0.0,6.99,6.99,6.99,801.6,704.5,842.58,0.03
2018-06-15 13:20:00,6.99,6.99,6.99,6.99,207.0,0.0,0.0,6.99,6.99,6.99,733.4,691.2,814.33,0.01
2018-06-15 13:25:00,6.99,6.99,6.99,6.99,407.0,0.0,0.0,6.99,6.99,6.99,705.4,715.9,800.98,0.01
2018-06-15 13:30:00,6.99,6.99,6.99,6.99,464.0,0.0,0.0,6.99,6.99,6.99,504.0,722.1,791.93,0.02
2018-06-15 13:35:00,6.99,6.99,6.99,6.99,186.0,0.0,0.0,6.99,6.99,6.99,410.0,540.2,767.73,0.01
2018-06-15 13:40:00,6.99,6.99,6.99,6.99,104.0,0.0,0.0,6.99,6.99,6.99,273.6,537.6,744.88,0.0
2018-06-15 13:45:00,6.99,6.99,6.99,6.99,307.0,0.0,0.0,6.99,6.99,6.99,293.6,513.5,728.28,0.01
2018-06-15 13:50:00,6.99,6.99,6.99,6.99,52.0,0.0,0.0,6.99,6.99,6.99,222.6,464.0,693.23,0.0
2018-06-15 13:55:00,6.99,6.99,6.99,6.99,45.0,0.0,0.0,6.99,6.99,6.99,138.8,321.4,661.23,0.0
2018-06-15 14:00:00,6.99,6.99,6.99,6.99,250.0,0.0,0.0,6.99,6.99,6.99,151.6,280.8,577.9,0.01
2018-06-15 14:05:00,6.99,6.99,6.99,6.99,205.0,0.0,0.0,6.99,6.99,6.99,171.8,222.7,463.6,0.01
2018-06-15 14:10:00,6.99,6.99,6.99,6.99,185.0,0.0,0.0,6.99,6.99,6.99,147.4,220.5,455.85,0.01
2018-06-15 14:15:00,6.99,6.99,6.99,6.99,138.0,0.0,0.0,6.99,6.99,6.99,164.6,193.6,454.75,0.0
2018-06-15 14:20:00,6.99,6.99,6.99,6.99,92.0,0.0,0.0,6.99,6.99,6.99,174.0,156.4,439.25,0.0
2018-06-15 14:25:00,6.99,6.99,6.99,6.99,289.0,0.0,0.0,6.99,6.99,6.99,181.8,166.7,353.45,0.01
2018-06-15 14:30:00,6.99,6.99,6.99,6.99,289.0,0.0,0.0,6.99,6.99,6.99,198.6,185.2,361.4,0.01
2018-06-15 14:35:00,6.99,6.99,6.99,6.99,360.19,0.0,0.0,6.99,6.99,6.99,233.64,190.52,352.01,0.01
2018-06-15 14:40:00,6.99,6.99,6.99,6.99,553.0,0.0,0.0,6.99,6.99,6.99,316.64,240.62,352.31,0.02
2018-06-15 14:45:00,6.99,6.99,6.99,6.99,187.0,0.0,0.0,6.99,6.99,6.99,335.64,254.82,288.11,0.01
2018-06-15 14:50:00,6.99,6.99,6.99,6.99,610.0,0.0,0.0,6.99,6.99,6.99,399.84,290.82,285.81,0.02
2018-06-15 14:55:00,6.99,6.99,6.99,6.99,291.0,0.0,0.0,6.99,6.99,6.99,400.24,299.42,261.06,0.01
2018-06-15 15:00:00,6.99,6.99,6.99,6.99,99.0,0.0,0.0,6.99,6.99,6.99,348.0,290.82,255.66,0.0
